"DESCRIPTION","DURATION IN MS","NAME","PARENT SUITE","START TIME","STATUS","STOP TIME","SUB SUITE","SUITE","TEST CLASS","TEST METHOD"
"","12284","L-LOB-01: Leader Onboarding - Routing from Welcome Screen","auth","2026-10-09","passed","2026-10-09","Domain Matrix: Leader Role & Onboarding","features/onboarding/role-onboarding-matrix.spec.ts","",""
"","4837","Step 2: OTP State Integrity & Verification","auth","2026-10-09","passed","2026-10-09","Registration & Onboarding","features/auth/registration.spec.ts","",""
"","6099","RF-03: Leader deletes the group (Cancel & Delete)","refund","2026-10-09","passed","2026-10-09","Participant Refund — Cancel & Delete","features/payment/pricing-model-journey.spec.ts","",""
"","13993","Downgrade: Active Plan ($19) → Listing — verifies billing removal, plan card state, and full downgrade flow","plan-transition","2026-10-09","passed","2026-10-09","Hosting Plan Transition — Downgrade · Re-activate · Upgrade","features/transitions/active-plan-transition.spec.ts","",""
"","4143","Format Constraint: Email (System-wide Collision check)","auth","2026-10-09","passed","2026-10-09","Registration - Integrity Matrix","features/auth/registration.spec.ts","",""
"","12115","L-WLC-01: Welcome Screen - Initial Architecture and URL","auth","2026-10-09","passed","2026-10-09","Domain Matrix: Leader Role & Onboarding","features/onboarding/role-onboarding-matrix.spec.ts","",""
"","2161","GL-G3: Handle Professional Background (Tab 2 - Optional)","group-lifecycle","2026-10-09","passed","2026-10-09","Integrated Group & Session Lifecycle","features/group/group-lifecycle.spec.ts","",""
"","607","TC-07: Join Action - Redirection to Payment Page","setup-member-subscribed","2026-10-09","passed","2026-10-09","Member Group Join Flow","features/group/group-join-flow.spec.ts","",""
"","24048","GL-F1: Member follows the group and it appears in the Following tab","group-lifecycle","2026-10-09","passed","2026-10-09","Group Pricing Carry-Forward","features/group/group-lifecycle.spec.ts","",""
"","1382","SR-09: Back to chats returns to the group chat","session","2026-10-09","passed","2026-10-09","Session Registration, Join & Leave","features/session/session-register-join-leave.spec.ts","",""
"","13876","PG-02: Register the member used for every pricing model in this run","refund","2026-10-09","passed","2026-10-09","Paid Group — Setup","features/payment/pricing-model-journey.spec.ts","",""
"","4424","Invalid Credentials: Unregistered user cannot login with a generated email","auth","2026-10-09","passed","2026-10-09","Login – Single User > Invalid Login – Boundary & Validation","features/auth/login.spec.ts","",""
"","476","Clicking popup CTA proceeds to group dashboard","default","2026-10-09","passed","2026-10-09","Free Group Confirmation Popup","features/hosting/free-group-popup.spec.ts","",""
"","13217","Authenticate leader_active_hosting_plan","setup-auth","2026-10-09","passed","2026-10-09","Global Authentication Setup","setup/auth.setup.ts","",""
"","11853","Downgrade: Active Group → Listing — verifies modal flow, success toast, and paused billing state","group-transition","2026-10-09","passed","2026-10-09","Group Transition — Downgrade · Reactivate · Cancel & Delete","features/transitions/active-group-transition.spec.ts","",""
"","5231","Format Constraint: Password (Minimum Complexity: Len, Mix, Digit)","auth","2026-10-09","passed","2026-10-09","Registration - Integrity Matrix","features/auth/registration.spec.ts","",""
"","4213","TXN-02: Each row carries a date, description, amount and status","default","2026-10-09","passed","2026-10-09","Transactions History","features/payment/transactions-history.spec.ts","",""
"","47542","Leader Active Group Subscription Journey","e2e-flows","2026-10-09","passed","2026-10-09","Leader Flow - Active Group Subscription","features/flows/leader-active-group-flow.spec.ts","",""
"","1197","TC-05: Side Panel - Content & Metadata Validation","setup-member-subscribed","2026-10-09","passed","2026-10-09","Member Group Join Flow","features/group/group-join-flow.spec.ts","",""
"","4238","Security Check: Unauthorized Access Redirect","auth","2026-10-09","passed","2026-10-09","Login – Single User","features/auth/login.spec.ts","",""
"","4397","TXN-01: Hosting charge is recorded with the correct amount and status","default","2026-10-09","passed","2026-10-09","Transactions History","features/payment/transactions-history.spec.ts","",""
"","9083","Phase 3: Successful Password Update Journey","auth","2026-10-09","passed","2026-10-09","Forgot Password Journey","features/auth/forgot-password.spec.ts","",""
"","10922","JPM-05: Member exits the donation group and loses access (SL-4)","refund","2026-10-09","passed","2026-10-09","Join Pricing Matrix — Free, Donation & One-Time","features/payment/pricing-model-journey.spec.ts","",""
"","7912","Invalid CVC - Verify security code validation","default","2026-10-09","passed","2026-10-09","Stripe Payment Validation","features/payment/stripe-payment-validation.spec.ts","",""
"","25","BUG-02: Card shows Unregister right after registering, without a reload","session","2026-10-09","passed","2026-10-09","Session Registration, Join & Leave","features/session/session-register-join-leave.spec.ts","",""
"","2092","SR-11: Go Back on ""Session Not Started"" returns to the session","session","2026-10-09","passed","2026-10-09","Session Registration, Join & Leave","features/session/session-register-join-leave.spec.ts","",""
"","151252","Member can join leader-created session","session","2026-10-09","passed","2026-10-09","Join Session - Full E2E Journey","features/session/join-session-flow.spec.ts","",""
"","6712","MGT-05: All Groups — at least one group card is visible","default","2026-10-09","passed","2026-10-09","My Groups — All Groups Tab — Group Cards","features/group/my-groups-tabs.spec.ts","",""
"","10951","SJ-04: Member joins the live call","session","2026-10-09","passed","2026-10-09","Session Registration, Join & Leave","features/session/session-register-join-leave.spec.ts","",""
"","11513","Reactivate: same group Listing → Active — via My Groups → group leader-space → Upgrade to Active Group","group-transition","2026-10-09","passed","2026-10-09","Multi-Group — Transitions (Downgrade · Reactivate · Cancel & Delete · Cancel Subscription)","features/transitions/multi-group-transition.spec.ts","",""
"","5745","SU-01: Closing the confirmation (X) keeps the registration","session","2026-10-09","passed","2026-10-09","Session Registration, Join & Leave","features/session/session-register-join-leave.spec.ts","",""
"","8801","EXP-01: Landing view shows category shelves and no search grid","default","2026-10-09","passed","2026-10-09","Explore Search","features/group/explore-search.spec.ts","",""
"","3968","Application loads successfully","default","2026-10-09","passed","2026-10-09","App Load","features/core/app-load.spec.ts","",""
"","5341","SR-05: Leader sees the registered count on the session card","session","2026-10-09","passed","2026-10-09","Session Registration, Join & Leave","features/session/session-register-join-leave.spec.ts","",""
"","9489","Downgrade: one group Active → Listing — verifies group-scoped menu, modal, and success toast","group-transition","2026-10-09","passed","2026-10-09","Multi-Group — Transitions (Downgrade · Reactivate · Cancel & Delete · Cancel Subscription)","features/transitions/multi-group-transition.spec.ts","",""
"","13717","M-LOB-03: Member Onboarding - Skip Redirect to Discovery","auth","2026-10-09","passed","2026-10-09","Domain Matrix: Member Role & Onboarding","features/onboarding/role-onboarding-matrix.spec.ts","",""
"","10631","SJ-01: Before it starts, the session is under Starting Soon with Join Session","session","2026-10-09","passed","2026-10-09","Session Registration, Join & Leave","features/session/session-register-join-leave.spec.ts","",""
"","12038","SEC-03: Dashboard Link Integrity Scan","default","2026-10-09","passed","2026-10-09","Core Perimeter Audit","features/core/security-audit.spec.ts","",""
"","1809","TC-02: Group Discovery - Search Functionality","setup-member-subscribed","2026-10-09","passed","2026-10-09","Member Group Join Flow","features/group/group-join-flow.spec.ts","",""
"","14584","SJ-05: Leader joins and both see each other","session","2026-10-09","passed","2026-10-09","Session Registration, Join & Leave","features/session/session-register-join-leave.spec.ts","",""
"","11778","JPM-08: Member exits the One-Time group and loses access (SL-4)","refund","2026-10-09","passed","2026-10-09","Join Pricing Matrix — Free, Donation & One-Time","features/payment/pricing-model-journey.spec.ts","",""
"","1201","Clicking ""Get Group Listing"" shows Free group popup","default","2026-10-09","passed","2026-10-09","Hosting Plan Selection","features/hosting/hosting-plan.spec.ts","",""
"","45829","Leader Journey: Registration -> Onboarding -> Free Plan -> Group Creation","e2e-flows","2026-10-09","passed","2026-10-09","Leader Journey - Free Subscription","features/flows/leader-free-flow.spec.ts","",""
"","3660","Verify chat button is visible before login","default","2026-10-09","passed","2026-10-09","Support Chat Widget","features/general/third-party-chat-widget.spec.ts","",""
"","5842","GL-G6: Verify Redirection to Group Landing Page","group-lifecycle","2026-10-09","passed","2026-10-09","Integrated Group & Session Lifecycle","features/group/group-lifecycle.spec.ts","",""
"","8172","Step 1: Account Creation & OTP Trigger","auth","2026-10-09","passed","2026-10-09","Registration & Onboarding","features/auth/registration.spec.ts","",""
"","254","TC-06: Side Panel - Join CTA Visibility & State","setup-member-subscribed","2026-10-09","passed","2026-10-09","Member Group Join Flow","features/group/group-join-flow.spec.ts","",""
"","12850","M-LOB-01: Member Onboarding - Routing and Redirect","auth","2026-10-09","passed","2026-10-09","Domain Matrix: Member Role & Onboarding","features/onboarding/role-onboarding-matrix.spec.ts","",""
"","3047","GL-G2: Fill Basic Profile Details (Tab 1)","group-lifecycle","2026-10-09","passed","2026-10-09","Integrated Group & Session Lifecycle","features/group/group-lifecycle.spec.ts","",""
"","6062","Enforce limit on Multi-Group Plan: 3 groups maximum","default","2026-10-09","passed","2026-10-09","Group Plan Limits Enforcement > Multi-Group Plan Limit (3 Groups)","features/group/group-plan-limits.spec.ts","",""
"","11646","M-WLC-01: Welcome Screen - Initial Member Landing State","auth","2026-10-09","passed","2026-10-09","Domain Matrix: Member Role & Onboarding","features/onboarding/role-onboarding-matrix.spec.ts","",""
"","12880","Phase 2: Reset Link Integrity Check","auth","2026-10-09","passed","2026-10-09","Forgot Password Journey","features/auth/forgot-password.spec.ts","",""
"","13557","Authenticate member","setup-auth","2026-10-09","passed","2026-10-09","Global Authentication Setup","setup/auth.setup.ts","",""
"","5766","MGT-10: Joined tab — click filter then group cards are visible","default","2026-10-09","passed","2026-10-09","My Groups — Joined Tab — Group Cards","features/group/my-groups-tabs.spec.ts","",""
"","8578","NAV-L-02: Verify My Groups listing","default","2026-10-09","passed","2026-10-09","Navigation Integrity Audit > Leader Profile Navigation","features/core/navigation-integrity.spec.ts","",""
"","4975","SR-01: Member registers from the group chat","session","2026-10-09","passed","2026-10-09","Session Registration, Join & Leave","features/session/session-register-join-leave.spec.ts","",""
"","3642","Verify password visibility can be toggled in Registration","auth","2026-10-09","passed","2026-10-09","Registration - Password Visibility","features/auth/registration.spec.ts","",""
"","13495","MGT-13: Following tab — each card has a Remove interest action","default","2026-10-09","passed","2026-10-09","My Groups — Following Tab — Group Cards","features/group/my-groups-tabs.spec.ts","",""
"","3517","Password visibility toggle","auth","2026-10-09","passed","2026-10-09","Login – Single User > Advanced Login Features","features/auth/login.spec.ts","",""
"","12692","L-LOB-02: Leader Onboarding - Content Integrity Check","auth","2026-10-09","passed","2026-10-09","Domain Matrix: Leader Role & Onboarding","features/onboarding/role-onboarding-matrix.spec.ts","",""
"","663","GL-S3: Confirm Session Visibility in Listing","group-lifecycle","2026-10-09","passed","2026-10-09","Integrated Group & Session Lifecycle","features/group/group-lifecycle.spec.ts","",""
"","10694","GL-S2: Schedule Atomic Session via Modal","group-lifecycle","2026-10-09","passed","2026-10-09","Integrated Group & Session Lifecycle","features/group/group-lifecycle.spec.ts","",""
"","12241","Member user can login successfully","auth","2026-10-09","passed","2026-10-09","Login – Single User","features/auth/login.spec.ts","",""
"","4669","SR-04: Details page shows 1 registered","session","2026-10-09","passed","2026-10-09","Session Registration, Join & Leave","features/session/session-register-join-leave.spec.ts","",""
"","13090","Declined Card - Verify error feedback","default","2026-10-09","passed","2026-10-09","Stripe Payment Validation","features/payment/stripe-payment-validation.spec.ts","",""
"","9900","Cancel & Delete: same group → permanently deleted — verifies per-group menu, reason flow, and removal","group-transition","2026-10-09","passed","2026-10-09","Multi-Group — Transitions (Downgrade · Reactivate · Cancel & Delete · Cancel Subscription)","features/transitions/multi-group-transition.spec.ts","",""
"","20344","Security Check: Post-Logout Back-Button Restriction","auth","2026-10-09","passed","2026-10-09","Login – Single User","features/auth/login.spec.ts","",""
"","14843","RF-01: Leader prices the group at $5/month","refund","2026-10-09","passed","2026-10-09","Participant Refund — Cancel & Delete","features/payment/pricing-model-journey.spec.ts","",""
"","20267","Downgrade: Multi-Group ($49) → Active ($19) — select groups to delete, confirm, and verify plan + group removal","plan-transition","2026-10-09","passed","2026-10-09","Multi-Group Plan Downgrade — Multi-Group ($49) → Active Group ($19)","features/transitions/multi-group-plan-downgrade.spec.ts","",""
"","1019","SL-01: Member leaves the call and the leader sees them go","session","2026-10-09","passed","2026-10-09","Session Registration, Join & Leave","features/session/session-register-join-leave.spec.ts","",""
"","17619","Onboarding Integrity: Refresh Resumes Onboarding (Progress Saved)","e2e-flows","2026-10-09","passed","2026-10-09","Member E2E Journeys","features/flows/member-journey.spec.ts","",""
"","3021","TC-11: Access Verification - Group Conversations Access","setup-member-subscribed","2026-10-09","passed","2026-10-09","Member Group Join Flow","features/group/group-join-flow.spec.ts","",""
"","8070","MGT-08: My Groups tab — click filter then group cards are visible","default","2026-10-09","passed","2026-10-09","My Groups — My Groups Tab — Group Cards","features/group/my-groups-tabs.spec.ts","",""
"","4415","Format Constraint: First Name (Regex: Only letters allowed)","auth","2026-10-09","passed","2026-10-09","Registration - Integrity Matrix","features/auth/registration.spec.ts","",""
"","11347","L-WLC-02: Welcome Screen - Primary Button Visibility","auth","2026-10-09","passed","2026-10-09","Domain Matrix: Leader Role & Onboarding","features/onboarding/role-onboarding-matrix.spec.ts","",""
"","1420","Free group popup appears after ""Get Group Listing"" click","default","2026-10-09","passed","2026-10-09","Free Group Confirmation Popup","features/hosting/free-group-popup.spec.ts","",""
"","25868","Member Journey: Registration -> Onboarding (CONTINUE) -> Dashboard","e2e-flows","2026-10-09","passed","2026-10-09","Member E2E Journeys","features/flows/member-journey.spec.ts","",""
"","127964","Create Session modal rejects invalid input","session","2026-10-09","passed","2026-10-09","Session Creation - Negative Validation","features/session/session-negative.spec.ts","",""
"","8920","Cancel Subscription: cancel the whole Multi-Group plan — all remaining groups → Listing","group-transition","2026-10-09","passed","2026-10-09","Multi-Group — Transitions (Downgrade · Reactivate · Cancel & Delete · Cancel Subscription)","features/transitions/multi-group-transition.spec.ts","",""
"","2972","SJ-03: Live session is in My Sessions → Live","session","2026-10-09","passed","2026-10-09","Session Registration, Join & Leave","features/session/session-register-join-leave.spec.ts","",""
"","2063","Hosting plan page loads for authenticated leader","default","2026-10-09","passed","2026-10-09","Hosting Plan Selection","features/hosting/hosting-plan.spec.ts","",""
"","78417","Provision Active-Plan Leader with 1 Active Group for Plan Transition Tests","setup-leader-active-plan-transition","2026-10-09","passed","2026-10-09","Setup - Active Plan Transition Leader Provisioning","setup/leader-active-plan-transition.setup.ts","",""
"","73","Popup modal container and CTA button are visible","default","2026-10-09","passed","2026-10-09","Free Group Confirmation Popup","features/hosting/free-group-popup.spec.ts","",""
"","1973","TC-01: Dashboard Load & Explore Navigation","setup-member-subscribed","2026-10-09","passed","2026-10-09","Member Group Join Flow","features/group/group-join-flow.spec.ts","",""
"","68","Multi-Group/Org ($49/month) card is visible","default","2026-10-09","passed","2026-10-09","Hosting Plan Selection","features/hosting/hosting-plan.spec.ts","",""
"","30392","PG-01: Leader signs in, can take payments, and creates the group","refund","2026-10-09","passed","2026-10-09","Paid Group — Setup","features/payment/pricing-model-journey.spec.ts","",""
"","3493","Validation: Email required on registration","auth","2026-10-09","passed","2026-10-09","Registration - Integrity Matrix","features/auth/registration.spec.ts","",""
"","4386","MGT-04: All Groups empty state — Submit your request button is visible","default","2026-10-09","passed","2026-10-09","My Groups — All Groups Tab — Empty State","features/group/my-groups-tabs.spec.ts","",""
"","12653","SL-02: Member can rejoin after leaving","session","2026-10-09","passed","2026-10-09","Session Registration, Join & Leave","features/session/session-register-join-leave.spec.ts","",""
"","227","GL-G5: Finalize Group Deployment (Tab 4)","group-lifecycle","2026-10-09","passed","2026-10-09","Integrated Group & Session Lifecycle","features/group/group-lifecycle.spec.ts","",""
"","7651","Validation: Missing email submission","auth","2026-10-09","passed","2026-10-09","Login – Single User > Invalid Login – Boundary & Validation","features/auth/login.spec.ts","",""
"","6722","MGT-06: All Groups — each visible card has a name and cover image","default","2026-10-09","passed","2026-10-09","My Groups — All Groups Tab — Group Cards","features/group/my-groups-tabs.spec.ts","",""
"","10468","GL-F2: Member unfollows the group and it leaves the Following tab","group-lifecycle","2026-10-09","passed","2026-10-09","Group Pricing Carry-Forward","features/group/group-lifecycle.spec.ts","",""
"","8107","Phase 1: Registration Entry & Resend UI Countdown","auth","2026-10-09","passed","2026-10-09","Registration - Resend OTP Lifecycle","features/auth/registration.spec.ts","",""
"","13717","JPM-06: Leader re-prices the group Donation → One-Time $10","refund","2026-10-09","passed","2026-10-09","Join Pricing Matrix — Free, Donation & One-Time","features/payment/pricing-model-journey.spec.ts","",""
"","44723","Chat Journey: Member sends message, Leader receives and replies, Member verifies reply","chat","2026-10-09","passed","2026-10-09","Chat Journey - Multi-User Interaction","features/chat/chat-send-message.spec.ts","",""
"","6492","SU-03: ""Yes, cancel"" removes the registration everywhere","session","2026-10-09","passed","2026-10-09","Session Registration, Join & Leave","features/session/session-register-join-leave.spec.ts","",""
"","70369","Leader Complete Lifecycle Flow Journey","e2e-flows","2026-10-09","passed","2026-10-09","Leader Complete Lifecycle Flow","features/flows/leader-complete-lifecycle-flow.spec.ts","",""
"","4294","MGT-07: My Groups tab — click filter then empty state is visible","default","2026-10-09","passed","2026-10-09","My Groups — My Groups Tab — Empty State","features/group/my-groups-tabs.spec.ts","",""
"","42","SR-03: Registering for one session does not register the other","session","2026-10-09","passed","2026-10-09","Session Registration, Join & Leave","features/session/session-register-join-leave.spec.ts","",""
"","12999","M-LOB-02: Member Onboarding - Persona Specific Content","auth","2026-10-09","passed","2026-10-09","Domain Matrix: Member Role & Onboarding","features/onboarding/role-onboarding-matrix.spec.ts","",""
"","5414","Enforce limit on Active Plan: 1 group maximum","default","2026-10-09","passed","2026-10-09","Group Plan Limits Enforcement > Active Plan Limit (1 Group)","features/group/group-plan-limits.spec.ts","",""
"","4020","Invalid Credentials: Registered member fails login with minimum password length violation","auth","2026-10-09","passed","2026-10-09","Login – Single User > Invalid Login – Boundary & Validation","features/auth/login.spec.ts","",""
"","349","Free plan (Group Listing) card is visible","default","2026-10-09","passed","2026-10-09","Hosting Plan Selection","features/hosting/hosting-plan.spec.ts","",""
"","13229","Authenticate leader","setup-auth","2026-10-09","passed","2026-10-09","Global Authentication Setup","setup/auth.setup.ts","",""
"","10082","GL-P4: Member sees $10 One time on the group","group-lifecycle","2026-10-09","passed","2026-10-09","Group Pricing Carry-Forward","features/group/group-lifecycle.spec.ts","",""
"","1030","TC-04: Side Panel - Trigger & Visibility","setup-member-subscribed","2026-10-09","passed","2026-10-09","Member Group Join Flow","features/group/group-join-flow.spec.ts","",""
"","450421","SJ-02: Once live, the status is Live and the card shows Registered","session","2026-10-09","passed","2026-10-09","Session Registration, Join & Leave","features/session/session-register-join-leave.spec.ts","",""
"","4519","NAV-L-04: Verify Profile & Billing access","default","2026-10-09","passed","2026-10-09","Navigation Integrity Audit > Leader Profile Navigation","features/core/navigation-integrity.spec.ts","",""
"","5162","MGT-09: Joined tab — click filter then empty state is visible","default","2026-10-09","passed","2026-10-09","My Groups — Joined Tab — Empty State","features/group/my-groups-tabs.spec.ts","",""
"","11821","MGT-12: Following tab — click filter then group cards are visible","default","2026-10-09","passed","2026-10-09","My Groups — Following Tab — Group Cards","features/group/my-groups-tabs.spec.ts","",""
"","10098","JPM-02: Member exits a FREE group and loses access (SL-4)","refund","2026-10-09","passed","2026-10-09","Join Pricing Matrix — Free, Donation & One-Time","features/payment/pricing-model-journey.spec.ts","",""
"","12510","Cancel & Delete: Active Group → Deleted — verifies outer modal, reason flow, and success toast","group-transition","2026-10-09","passed","2026-10-09","Group Transition — Downgrade · Reactivate · Cancel & Delete","features/transitions/active-group-transition.spec.ts","",""
"","138","Active Group ($19/month) card is visible","default","2026-10-09","passed","2026-10-09","Hosting Plan Selection","features/hosting/hosting-plan.spec.ts","",""
"","6149","RF-05: Member loses access once the group is deleted","refund","2026-10-09","passed","2026-10-09","Participant Refund — Cancel & Delete","features/payment/pricing-model-journey.spec.ts","",""
"","115917","Provision Multi-Group ($49) Leader with 3 Active Groups for Per-Group Transition Tests","setup-leader-multi-group-transition","2026-10-09","passed","2026-10-09","Setup - Multi-Group Transition Leader Provisioning","setup/leader-multi-group-transition.setup.ts","",""
"","5402","MGT-11: Following tab — click filter then empty state is visible","default","2026-10-09","passed","2026-10-09","My Groups — Following Tab — Empty State","features/group/my-groups-tabs.spec.ts","",""
"","3308","SR-08: Add to calendar offers Google, Outlook and .ics","session","2026-10-09","passed","2026-10-09","Session Registration, Join & Leave","features/session/session-register-join-leave.spec.ts","",""
"","16667","Verify Logout functionality from Dashboard","auth","2026-10-09","passed","2026-10-09","Login – Single User","features/auth/login.spec.ts","",""
"","7749","NAV-M-01: Verify Dashboard access","default","2026-10-09","passed","2026-10-09","Navigation Integrity Audit > Member Profile Navigation","features/core/navigation-integrity.spec.ts","",""
"","11651","L-WLC-04: Welcome Screen - Role Selection Toggle (Leader Path)","auth","2026-10-09","passed","2026-10-09","Domain Matrix: Leader Role & Onboarding","features/onboarding/role-onboarding-matrix.spec.ts","",""
"","7329","SR-10: Joining before the start time shows ""Session Not Started""","session","2026-10-09","passed","2026-10-09","Session Registration, Join & Leave","features/session/session-register-join-leave.spec.ts","",""
"","5150","RF-04: Billing state after deleting a paid group (refund evidence captured)","refund","2026-10-09","passed","2026-10-09","Participant Refund — Cancel & Delete","features/payment/pricing-model-journey.spec.ts","",""
"","5562","SU-05: Unregistering from My Sessions removes it from the list","session","2026-10-09","passed","2026-10-09","Session Registration, Join & Leave","features/session/session-register-join-leave.spec.ts","",""
"","28","""Get Group Listing"" CTA on Free plan is clickable","default","2026-10-09","passed","2026-10-09","Hosting Plan Selection","features/hosting/hosting-plan.spec.ts","",""
"","4259","Format Constraint: Last Name (Regex: Only letters allowed)","auth","2026-10-09","passed","2026-10-09","Registration - Integrity Matrix","features/auth/registration.spec.ts","",""
"","74497","RF-02: Member joins and pays for the group","refund","2026-10-09","passed","2026-10-09","Participant Refund — Cancel & Delete","features/payment/pricing-model-journey.spec.ts","",""
"","12897","Authenticate leader_multi_group_hosting_plan","setup-auth","2026-10-09","passed","2026-10-09","Global Authentication Setup","setup/auth.setup.ts","",""
"","46301","Leader Multi-Group Subscription Journey","e2e-flows","2026-10-09","passed","2026-10-09","Leader Journey - Multi-Group Subscription","features/flows/leader-multi-group-flow.spec.ts","",""
"","3715","Validation: First Name required on registration","auth","2026-10-09","passed","2026-10-09","Registration - Integrity Matrix","features/auth/registration.spec.ts","",""
"","2095","SU-02: ""Keep it"" keeps the registration","session","2026-10-09","passed","2026-10-09","Session Registration, Join & Leave","features/session/session-register-join-leave.spec.ts","",""
"","25515","JPM-01: Member joins while the group is Free and is charged the $3 platform fee","refund","2026-10-09","passed","2026-10-09","Join Pricing Matrix — Free, Donation & One-Time","features/payment/pricing-model-journey.spec.ts","",""
"","4306","MGT-03: All Groups empty state — Most Requested Groups section is visible","default","2026-10-09","passed","2026-10-09","My Groups — All Groups Tab — Empty State","features/group/my-groups-tabs.spec.ts","",""
"","5032","Validation: Reset Password button is disabled on empty email submission","auth","2026-10-09","passed","2026-10-09","Forgot Password Journey > Forgot Password - Boundary Validation","features/auth/forgot-password.spec.ts","",""
"","4618","SU-04: Member can register again after cancelling","session","2026-10-09","passed","2026-10-09","Session Registration, Join & Leave","features/session/session-register-join-leave.spec.ts","",""
"","19609","GL-P3: Leader switches pricing Monthly → One-Time $10 directly","group-lifecycle","2026-10-09","passed","2026-10-09","Group Pricing Carry-Forward","features/group/group-lifecycle.spec.ts","",""
"","29410","JPM-04: Member joins the donation group and is charged the $3 platform fee","refund","2026-10-09","passed","2026-10-09","Join Pricing Matrix — Free, Donation & One-Time","features/payment/pricing-model-journey.spec.ts","",""
"","8458","NAV-M-02: Verify Joined Groups listing","default","2026-10-09","passed","2026-10-09","Navigation Integrity Audit > Member Profile Navigation","features/core/navigation-integrity.spec.ts","",""
"","30582","JPM-07: The same member re-joins at One-Time and is charged $10 + $3","refund","2026-10-09","passed","2026-10-09","Join Pricing Matrix — Free, Donation & One-Time","features/payment/pricing-model-journey.spec.ts","",""
"","45242","Reactivate: Listing → Active Group — verifies Stripe payment, billing restoration, and Active-state menu","group-transition","2026-10-09","passed","2026-10-09","Group Transition — Downgrade · Reactivate · Cancel & Delete","features/transitions/active-group-transition.spec.ts","",""
"","9768","Expired Card - Verify expiry validation feedback","default","2026-10-09","passed","2026-10-09","Stripe Payment Validation","features/payment/stripe-payment-validation.spec.ts","",""
"","12041","GL-P5: Pricing editor validation (constraints, empty price, cancel)","group-lifecycle","2026-10-09","passed","2026-10-09","Group Pricing Carry-Forward","features/group/group-lifecycle.spec.ts","",""
"","4585","SR-07: My Sessions group filter shows only that group","session","2026-10-09","passed","2026-10-09","Session Registration, Join & Leave","features/session/session-register-join-leave.spec.ts","",""
"","8759","Validation: Empty credentials submission","auth","2026-10-09","passed","2026-10-09","Login – Single User > Invalid Login – Boundary & Validation","features/auth/login.spec.ts","",""
"","7642","SEC-02: Authenticated user is redirected away from Auth pages","default","2026-10-09","passed","2026-10-09","Core Perimeter Audit","features/core/security-audit.spec.ts","",""
"","10355","GL-P2: Member sees $10/month on the group","group-lifecycle","2026-10-09","passed","2026-10-09","Group Pricing Carry-Forward","features/group/group-lifecycle.spec.ts","",""
"","3695","Verify chat widget does not appear during regular test runs","default","2026-10-09","passed","2026-10-09","Support Chat Blocking","features/general/widget-kill-switch.spec.ts","",""
"","10273","NAV-M-03: Verify Explore access","default","2026-10-09","passed","2026-10-09","Navigation Integrity Audit > Member Profile Navigation","features/core/navigation-integrity.spec.ts","",""
"","4766","Invalid Credentials: Registered member cannot login with incorrect password","auth","2026-10-09","passed","2026-10-09","Login – Single User > Invalid Login – Boundary & Validation","features/auth/login.spec.ts","",""
"","11337","Leader user can login successfully","auth","2026-10-09","passed","2026-10-09","Login – Single User","features/auth/login.spec.ts","",""
"","1135","Phase 2: OTP Resend Trigger & New Code Verification","auth","2026-10-09","passed","2026-10-09","Registration - Resend OTP Lifecycle","features/auth/registration.spec.ts","",""
"","1454","TC-09: Stripe Gateway - Verify Secure Element Injection","setup-member-subscribed","2026-10-09","passed","2026-10-09","Member Group Join Flow","features/group/group-join-flow.spec.ts","",""
"","12237","Verify chat button is visible after login","default","2026-10-09","passed","2026-10-09","Support Chat Widget","features/general/third-party-chat-widget.spec.ts","",""
"","7934","Step 3: Onboarding & Dashboard Access","auth","2026-10-09","passed","2026-10-09","Registration & Onboarding","features/auth/registration.spec.ts","",""
"","3829","EARN-01: Earnings page reports the Stripe connection state","default","2026-10-09","passed","2026-10-09","Earnings — Stripe Connection","features/payment/transactions-history.spec.ts","",""
"","23962","Upgrade: Active Plan ($19) → Multi-Group Plan ($49) — verifies Stripe payment, $49 billing, and Multi-Group card state","plan-transition","2026-10-09","passed","2026-10-09","Hosting Plan Transition — Downgrade · Re-activate · Upgrade","features/transitions/active-plan-transition.spec.ts","",""
"","3679","SR-02: Registration stays after a page reload","session","2026-10-09","passed","2026-10-09","Session Registration, Join & Leave","features/session/session-register-join-leave.spec.ts","",""
"","55254","Provision Paid Leader with Available Slots","setup-leader-functional","2026-10-09","passed","2026-10-09","Setup - Functional Leader Provisioning","setup/leader-functional.setup.ts","",""
"","5770","TC-03: Group Card - Component Visibility (Listing)","setup-member-subscribed","2026-10-09","passed","2026-10-09","Member Group Join Flow","features/group/group-join-flow.spec.ts","",""
"","17343","GL-P1: Leader changes pricing Free → Monthly $10","group-lifecycle","2026-10-09","passed","2026-10-09","Group Pricing Carry-Forward","features/group/group-lifecycle.spec.ts","",""
"","3232","Validation: Last Name required on registration","auth","2026-10-09","passed","2026-10-09","Registration - Integrity Matrix","features/auth/registration.spec.ts","",""
"","15400","JPM-03: Leader re-prices the group Free → Donation-Based","refund","2026-10-09","passed","2026-10-09","Join Pricing Matrix — Free, Donation & One-Time","features/payment/pricing-model-journey.spec.ts","",""
"","488","GL-G4: Configure Hosting Plan and Pricing (Tab 3)","group-lifecycle","2026-10-09","passed","2026-10-09","Integrated Group & Session Lifecycle","features/group/group-lifecycle.spec.ts","",""
"","12171","M-WLC-02: Welcome Screen - Member Role Selection Logic","auth","2026-10-09","passed","2026-10-09","Domain Matrix: Member Role & Onboarding","features/onboarding/role-onboarding-matrix.spec.ts","",""
"","4738","GL-S1: Navigate to Internal Sessions Tab","group-lifecycle","2026-10-09","passed","2026-10-09","Integrated Group & Session Lifecycle","features/group/group-lifecycle.spec.ts","",""
"","11738","L-WLC-03: Welcome Screen - Continue CTA State (Initial)","auth","2026-10-09","passed","2026-10-09","Domain Matrix: Leader Role & Onboarding","features/onboarding/role-onboarding-matrix.spec.ts","",""
"","10940","Member can log out and is redirected to login","auth","2026-10-09","passed","2026-10-09","Logout – User can log out and access is revoked","features/auth/logout.spec.ts","",""
"","8322","NAV-L-01: Verify Dashboard access","default","2026-10-09","passed","2026-10-09","Navigation Integrity Audit > Leader Profile Navigation","features/core/navigation-integrity.spec.ts","",""
"","8060","Security Check: Unauthenticated Member Access Redirect","e2e-flows","2026-10-09","passed","2026-10-09","Member E2E Journeys","features/flows/member-journey.spec.ts","",""
"","16540","Successful Transaction - Verify happy path completion","default","2026-10-09","passed","2026-10-09","Stripe Payment Validation","features/payment/stripe-payment-validation.spec.ts","",""
"","3427","Validation: Password required on registration","auth","2026-10-09","passed","2026-10-09","Registration - Integrity Matrix","features/auth/registration.spec.ts","",""
"","7750","Validation: Missing password submission","auth","2026-10-09","passed","2026-10-09","Login – Single User > Invalid Login – Boundary & Validation","features/auth/login.spec.ts","",""
"","17240","L-LOB-03: Leader Onboarding - Skip Navigation to Hosting Plan","auth","2026-10-09","passed","2026-10-09","Domain Matrix: Leader Role & Onboarding","features/onboarding/role-onboarding-matrix.spec.ts","",""
"","10374","NAV-L-03: Verify Explore access","default","2026-10-09","passed","2026-10-09","Navigation Integrity Audit > Leader Profile Navigation","features/core/navigation-integrity.spec.ts","",""
"","112882","Provision Multi-Group ($49) Leader with 3 Active Groups for Plan Downgrade Tests","setup-leader-multi-group-downgrade","2026-10-09","passed","2026-10-09","Setup - Multi-Group Downgrade Leader Provisioning","setup/leader-multi-group-downgrade.setup.ts","",""
"","8903","GL-G1: Initialize Group Creation from Dashboard","group-lifecycle","2026-10-09","passed","2026-10-09","Integrated Group & Session Lifecycle","features/group/group-lifecycle.spec.ts","",""
"","14549","Verify chat panel opens when the button is clicked","default","2026-10-09","passed","2026-10-09","Support Chat Widget","features/general/third-party-chat-widget.spec.ts","",""
"","1226","HEALTH-01: Target environment is serving traffic","health-check","2026-10-09","passed","2026-10-09","Environment Health","setup/health.setup.ts","",""
"","8518","EXP-02: Search for an existing group shows it in the results grid","default","2026-10-09","passed","2026-10-09","Explore Search","features/group/explore-search.spec.ts","",""
"","14574","TC-10: Payment Execution - Submit Stripe Details","setup-member-subscribed","2026-10-09","passed","2026-10-09","Member Group Join Flow","features/group/group-join-flow.spec.ts","",""
"","10028","EXP-03: A second search in the same page replaces the results — no match shows the empty state","default","2026-10-09","passed","2026-10-09","Explore Search","features/group/explore-search.spec.ts","",""
"","5567","MGT-01: All four filter buttons are visible on the My Groups page","default","2026-10-09","passed","2026-10-09","My Groups — Filter Bar","features/group/my-groups-tabs.spec.ts","",""
"","53256","Provision Paid Leader for Lifecycle Tests","setup-leader-lifecycle","2026-10-09","passed","2026-10-09","Setup - Lifecycle Leader Provisioning","setup/leader-lifecycle.setup.ts","",""
"","11943","SEC-01: Guest user is redirected to login from private pages","default","2026-10-09","passed","2026-10-09","Core Perimeter Audit","features/core/security-audit.spec.ts","",""
"","7802","TC-08: Checkout Summary - Verify Plan Information","setup-member-subscribed","2026-10-09","passed","2026-10-09","Member Group Join Flow","features/group/group-join-flow.spec.ts","",""
"","69141","Provision Active-Plan Leader with 1 Active Group for Group Transition Tests","setup-leader-active-group-transition","2026-10-09","passed","2026-10-09","Setup - Active Group Transition Leader Provisioning","setup/leader-active-group-transition.setup.ts","",""
"","51857","Re-activate: Listing → Active Plan ($19) — verifies Stripe payment, billing restoration, and plan card state","plan-transition","2026-10-09","passed","2026-10-09","Hosting Plan Transition — Downgrade · Re-activate · Upgrade","features/transitions/active-plan-transition.spec.ts","",""
"","3950","Social Auth (Google) navigation","auth","2026-10-09","passed","2026-10-09","Login – Single User > Advanced Login Features","features/auth/login.spec.ts","",""
"","21593","Member Journey: Registration -> Onboarding (SKIP) -> Dashboard","e2e-flows","2026-10-09","passed","2026-10-09","Member E2E Journeys","features/flows/member-journey.spec.ts","",""
"","3961","SR-06: Session is in My Sessions as Registered","session","2026-10-09","passed","2026-10-09","Session Registration, Join & Leave","features/session/session-register-join-leave.spec.ts","",""
"","4101","Phase 1: Recovery Request & Validation","auth","2026-10-09","passed","2026-10-09","Forgot Password Journey","features/auth/forgot-password.spec.ts","",""
"","4710","MGT-02: All Groups empty state — No groups found banner is visible","default","2026-10-09","passed","2026-10-09","My Groups — All Groups Tab — Empty State","features/group/my-groups-tabs.spec.ts","",""
